{
  "demographicQuestions": [
    {
      "id": "firstName",
      "label": "First Name",
      "type": "text",
      "required": true,
      "placeholder": "Enter your first name"
    },
    {
      "id": "lastName",
      "label": "Last Name",
      "type": "text",
      "required": true,
      "placeholder": "Enter your last name"
    },
    {
      "id": "email",
      "label": "Email Address",
      "type": "email",
      "required": true,
      "placeholder": "Enter your email address"
    },
    {
      "id": "phone",
      "label": "Phone Number",
      "type": "tel",
      "required": true,
      "placeholder": "Enter your phone number"
    },
    {
      "id": "desireForChildren",
      "label": "Desire for Children",
      "type": "select",
      "required": true,
      "options": [
        "Yes, I want children",
        "No, I don't want children",
        "I'm undecided about having children",
        "I already have children and want more",
        "I already have children and don't want more"
      ]
    },
    {
      "id": "gender",
      "label": "Gender",
      "type": "select",
      "required": true,
      "options": [
        "Male",
        "Female",
        "Prefer not to say"
      ]
    },
    {
      "id": "marriageStatus",
      "label": "Marriage Status",
      "type": "select",
      "required": true,
      "options": [
        "Single, never married",
        "Engaged",
        "Married",
        "Separated",
        "Divorced",
        "Widowed"
      ]
    },
    {
      "id": "raceEthnicity",
      "label": "Race/Ethnicity",
      "type": "select",
      "required": true,
      "options": [
        "African American/Black",
        "Asian/Pacific Islander",
        "Caucasian/White",
        "Hispanic/Latino",
        "Native American/Alaska Native",
        "Middle Eastern/North African",
        "Multiracial/Multiethnic",
        "Other",
        "Prefer not to say"
      ]
    },
    {
      "id": "purchaseDate",
      "label": "Date of Purchase",
      "type": "date",
      "required": true
    }
  ]
}
