{
  "filters": {
    "primary": {
      "name": "Overall Score",
      "type": "proximity",
      "description": "Match users with the closest overall score",
      "max_score": 800,
      "priority_range": "±5% (~±40 points)",
      "ranking": "By score proximity"
    },
    "hard_filters": [
      {
        "name": "Faith",
        "question": "Q1",
        "description": "Users must have the same response to Q1",
        "options": [
          "Believe in Christ",
          "Plan to accept Christ",
          "Other"
        ],
        "points": {
          "Believe in Christ": 12,
          "Plan to accept Christ": 6,
          "Other": 0
        }
      },
      {
        "name": "Desire for Children",
        "question": "pre-Q1 demographic",
        "description": "Users must have the same response to 'Do you want children?'",
        "options": [
          "Yes",
          "No",
          "Not Applicable"
        ],
        "data": {
          "Yes": {
            "total": 40,
            "men": 5,
            "women": 35
          },
          "No": {
            "total": 10,
            "men": 2,
            "women": 8
          },
          "Not Applicable": {
            "total": 9,
            "men": 1,
            "women": 8
          }
        }
      }
    ]
  },
  "matching_process": {
    "steps": [
      "Filter users by faith (Q1)—exact match required",
      "Within the faith-matched pool, filter by desire for children—exact match required",
      "From the remaining pool, rank matches by overall score proximity (closest first)"
    ],
    "example": {
      "user": {
        "score": 750,
        "faith": "Believe in Christ",
        "wants_children": "Yes"
      },
      "pool": "50 users with Q1 'Believe in Christ'",
      "sub_pool": "35 users with 'Yes' for children",
      "ranked_matches": ["User B (Score 740)", "User C (Score 730)", "etc."]
    }
  },
  "scoring_system": {
    "categories": {
      "Small": "1-3 points",
      "Medium": "4-7 points",
      "Significant": "8-12 points",
      "Other": "0 points"
    },
    "max_score": "~800 for 99 questions",
    "percentiles": {
      "overall": {
        "0th": 200,
        "50th": 275,
        "100th": 420,
        "35th": 250,
        "75th": 325
      },
      "men": {
        "0th": 210,
        "50th": 280,
        "100th": 420
      },
      "women": {
        "0th": 200,
        "50th": 275,
        "100th": 415
      }
    }
  }
}
